{"filter":false,"title":"server.json","tooltip":"/Votes/server.json","undoManager":{"mark":19,"position":19,"stack":[[{"start":{"row":3,"column":12},"end":{"row":3,"column":13},"action":"remove","lines":["0"],"id":1,"ignore":true},{"start":{"row":3,"column":12},"end":{"row":3,"column":13},"action":"insert","lines":["1"]}],[{"start":{"row":3,"column":12},"end":{"row":3,"column":13},"action":"remove","lines":["1"],"id":2,"ignore":true},{"start":{"row":3,"column":12},"end":{"row":3,"column":13},"action":"insert","lines":["2"]}],[{"start":{"row":3,"column":12},"end":{"row":3,"column":13},"action":"remove","lines":["2"],"id":3,"ignore":true},{"start":{"row":3,"column":12},"end":{"row":3,"column":13},"action":"insert","lines":["3"]}],[{"start":{"row":3,"column":12},"end":{"row":3,"column":13},"action":"remove","lines":["3"],"id":4,"ignore":true},{"start":{"row":3,"column":12},"end":{"row":3,"column":13},"action":"insert","lines":["4"]}],[{"start":{"row":3,"column":12},"end":{"row":3,"column":13},"action":"remove","lines":["4"],"id":5,"ignore":true},{"start":{"row":3,"column":12},"end":{"row":3,"column":13},"action":"insert","lines":["5"]}],[{"start":{"row":3,"column":12},"end":{"row":3,"column":13},"action":"remove","lines":["5"],"id":6,"ignore":true},{"start":{"row":3,"column":12},"end":{"row":3,"column":13},"action":"insert","lines":["6"]}],[{"start":{"row":3,"column":12},"end":{"row":3,"column":13},"action":"remove","lines":["6"],"id":7,"ignore":true},{"start":{"row":3,"column":12},"end":{"row":3,"column":13},"action":"insert","lines":["7"]}],[{"start":{"row":3,"column":12},"end":{"row":3,"column":13},"action":"remove","lines":["7"],"id":8,"ignore":true},{"start":{"row":3,"column":12},"end":{"row":3,"column":13},"action":"insert","lines":["8"]}],[{"start":{"row":3,"column":12},"end":{"row":3,"column":13},"action":"remove","lines":["8"],"id":9,"ignore":true},{"start":{"row":3,"column":12},"end":{"row":3,"column":13},"action":"insert","lines":["9"]}],[{"start":{"row":3,"column":11},"end":{"row":3,"column":13},"action":"remove","lines":["19"],"id":10,"ignore":true},{"start":{"row":3,"column":11},"end":{"row":3,"column":13},"action":"insert","lines":["20"]}],[{"start":{"row":3,"column":12},"end":{"row":3,"column":13},"action":"remove","lines":["0"],"id":11,"ignore":true},{"start":{"row":3,"column":12},"end":{"row":3,"column":13},"action":"insert","lines":["1"]}],[{"start":{"row":3,"column":12},"end":{"row":3,"column":13},"action":"remove","lines":["1"],"id":12,"ignore":true},{"start":{"row":3,"column":12},"end":{"row":3,"column":13},"action":"insert","lines":["2"]}],[{"start":{"row":3,"column":12},"end":{"row":3,"column":13},"action":"remove","lines":["2"],"id":13,"ignore":true},{"start":{"row":3,"column":12},"end":{"row":3,"column":13},"action":"insert","lines":["3"]}],[{"start":{"row":3,"column":12},"end":{"row":3,"column":13},"action":"remove","lines":["3"],"id":14,"ignore":true},{"start":{"row":3,"column":12},"end":{"row":3,"column":13},"action":"insert","lines":["4"]}],[{"start":{"row":2,"column":3},"end":{"row":2,"column":9},"action":"remove","lines":["server"],"id":15},{"start":{"row":2,"column":3},"end":{"row":2,"column":5},"action":"insert","lines":["id"]},{"start":{"row":2,"column":8},"end":{"row":2,"column":9},"action":"remove","lines":["\""]},{"start":{"row":2,"column":25},"end":{"row":2,"column":26},"action":"remove","lines":["7"]},{"start":{"row":2,"column":25},"end":{"row":3,"column":2},"action":"insert","lines":["0,","  "]},{"start":{"row":3,"column":3},"end":{"row":6,"column":17},"action":"insert","lines":["votes\": 6"," },"," {","  \"id\": 345345354"]},{"start":{"row":7,"column":11},"end":{"row":7,"column":12},"action":"remove","lines":["2"]}],[{"start":{"row":3,"column":11},"end":{"row":3,"column":12},"action":"remove","lines":["6"],"id":16,"ignore":true},{"start":{"row":3,"column":11},"end":{"row":3,"column":12},"action":"insert","lines":["7"]}],[{"start":{"row":3,"column":11},"end":{"row":3,"column":12},"action":"insert","lines":["5"],"id":17},{"start":{"row":3,"column":12},"end":{"row":3,"column":13},"action":"remove","lines":["7"]}],[{"start":{"row":3,"column":11},"end":{"row":3,"column":12},"action":"remove","lines":["5"],"id":18,"ignore":true},{"start":{"row":3,"column":11},"end":{"row":3,"column":12},"action":"insert","lines":["7"]}],[{"start":{"row":6,"column":8},"end":{"row":6,"column":17},"action":"remove","lines":["345345354"],"id":19},{"start":{"row":6,"column":8},"end":{"row":6,"column":26},"action":"insert","lines":["394657629110009860"]}],[{"start":{"row":3,"column":11},"end":{"row":3,"column":12},"action":"remove","lines":["7"],"id":20,"ignore":true},{"start":{"row":3,"column":11},"end":{"row":3,"column":12},"action":"insert","lines":["8"]}]]},"ace":{"folds":[],"scrolltop":0,"scrollleft":0,"selection":{"start":{"row":6,"column":26},"end":{"row":6,"column":26},"isBackwards":false},"options":{"guessTabSize":true,"useWrapMode":false,"wrapToView":true},"firstLineState":{"row":157,"mode":"ace/mode/json"}},"timestamp":1514395078089,"hash":"9183f5d86e9f317f14eceff578c8c738b4382e15"}