{"filter":false,"title":"voters.json","tooltip":"/Votes/voters.json","undoManager":{"mark":42,"position":42,"stack":[[{"start":{"row":0,"column":0},"end":{"row":6,"column":1},"action":"remove","lines":["["," {","  \"voter\": \"302229188696604674\",","  \"server\": \"394657629110009867\",","  \"value\": 3"," }","]"],"id":17}],[{"start":{"row":0,"column":0},"end":{"row":6,"column":1},"action":"insert","lines":["["," {","  \"voter\": \"302229188696604674\",","  \"server\": \"394657629110009867\",","  \"value\": 1"," }","]"],"id":18,"ignore":true}],[{"start":{"row":4,"column":11},"end":{"row":4,"column":12},"action":"remove","lines":["1"],"id":19,"ignore":true},{"start":{"row":4,"column":11},"end":{"row":4,"column":12},"action":"insert","lines":["2"]}],[{"start":{"row":4,"column":11},"end":{"row":4,"column":12},"action":"remove","lines":["2"],"id":20,"ignore":true},{"start":{"row":4,"column":11},"end":{"row":4,"column":12},"action":"insert","lines":["3"]}],[{"start":{"row":4,"column":11},"end":{"row":4,"column":12},"action":"remove","lines":["3"],"id":21,"ignore":true},{"start":{"row":4,"column":11},"end":{"row":4,"column":12},"action":"insert","lines":["4"]}],[{"start":{"row":4,"column":11},"end":{"row":4,"column":12},"action":"remove","lines":["4"],"id":22,"ignore":true},{"start":{"row":4,"column":11},"end":{"row":4,"column":12},"action":"insert","lines":["5"]}],[{"start":{"row":4,"column":11},"end":{"row":4,"column":12},"action":"remove","lines":["5"],"id":23,"ignore":true},{"start":{"row":4,"column":11},"end":{"row":4,"column":12},"action":"insert","lines":["6"]}],[{"start":{"row":4,"column":11},"end":{"row":4,"column":12},"action":"remove","lines":["6"],"id":24,"ignore":true},{"start":{"row":4,"column":11},"end":{"row":4,"column":12},"action":"insert","lines":["7"]}],[{"start":{"row":4,"column":11},"end":{"row":4,"column":12},"action":"remove","lines":["7"],"id":25,"ignore":true},{"start":{"row":4,"column":11},"end":{"row":4,"column":12},"action":"insert","lines":["8"]}],[{"start":{"row":4,"column":11},"end":{"row":4,"column":12},"action":"remove","lines":["8"],"id":26,"ignore":true},{"start":{"row":4,"column":11},"end":{"row":4,"column":12},"action":"insert","lines":["9"]}],[{"start":{"row":4,"column":11},"end":{"row":4,"column":12},"action":"remove","lines":["9"],"id":27,"ignore":true},{"start":{"row":4,"column":11},"end":{"row":4,"column":13},"action":"insert","lines":["10"]}],[{"start":{"row":4,"column":12},"end":{"row":4,"column":13},"action":"remove","lines":["0"],"id":28,"ignore":true},{"start":{"row":4,"column":12},"end":{"row":4,"column":13},"action":"insert","lines":["1"]}],[{"start":{"row":4,"column":12},"end":{"row":4,"column":13},"action":"remove","lines":["1"],"id":29,"ignore":true},{"start":{"row":4,"column":12},"end":{"row":4,"column":13},"action":"insert","lines":["2"]}],[{"start":{"row":4,"column":12},"end":{"row":4,"column":13},"action":"remove","lines":["2"],"id":30,"ignore":true},{"start":{"row":4,"column":12},"end":{"row":4,"column":13},"action":"insert","lines":["3"]}],[{"start":{"row":4,"column":12},"end":{"row":4,"column":13},"action":"remove","lines":["3"],"id":31,"ignore":true},{"start":{"row":4,"column":12},"end":{"row":4,"column":13},"action":"insert","lines":["4"]}],[{"start":{"row":4,"column":12},"end":{"row":4,"column":13},"action":"remove","lines":["4"],"id":32,"ignore":true},{"start":{"row":4,"column":12},"end":{"row":4,"column":13},"action":"insert","lines":["5"]}],[{"start":{"row":2,"column":12},"end":{"row":2,"column":30},"action":"remove","lines":["302229188696604674"],"id":33,"ignore":true},{"start":{"row":2,"column":12},"end":{"row":2,"column":30},"action":"insert","lines":["285143171099525140"]},{"start":{"row":4,"column":12},"end":{"row":4,"column":13},"action":"remove","lines":["5"]}],[{"start":{"row":2,"column":12},"end":{"row":2,"column":30},"action":"remove","lines":["285143171099525140"],"id":34,"ignore":true},{"start":{"row":2,"column":12},"end":{"row":2,"column":30},"action":"insert","lines":["302229188696604674"]}],[{"start":{"row":2,"column":12},"end":{"row":2,"column":30},"action":"remove","lines":["302229188696604674"],"id":35,"ignore":true},{"start":{"row":2,"column":12},"end":{"row":2,"column":30},"action":"insert","lines":["285143171099525140"]}],[{"start":{"row":2,"column":12},"end":{"row":2,"column":30},"action":"remove","lines":["285143171099525140"],"id":36,"ignore":true},{"start":{"row":2,"column":12},"end":{"row":2,"column":30},"action":"insert","lines":["302229188696604674"]}],[{"start":{"row":4,"column":11},"end":{"row":4,"column":12},"action":"remove","lines":["1"],"id":37,"ignore":true},{"start":{"row":4,"column":11},"end":{"row":4,"column":12},"action":"insert","lines":["2"]}],[{"start":{"row":4,"column":11},"end":{"row":4,"column":12},"action":"remove","lines":["2"],"id":38,"ignore":true},{"start":{"row":4,"column":11},"end":{"row":4,"column":12},"action":"insert","lines":["3"]}],[{"start":{"row":4,"column":11},"end":{"row":4,"column":12},"action":"remove","lines":["3"],"id":39,"ignore":true},{"start":{"row":4,"column":11},"end":{"row":4,"column":12},"action":"insert","lines":["4"]}],[{"start":{"row":4,"column":11},"end":{"row":4,"column":12},"action":"remove","lines":["4"],"id":40,"ignore":true},{"start":{"row":4,"column":11},"end":{"row":4,"column":12},"action":"insert","lines":["5"]}],[{"start":{"row":4,"column":11},"end":{"row":4,"column":12},"action":"remove","lines":["5"],"id":41,"ignore":true},{"start":{"row":4,"column":11},"end":{"row":4,"column":12},"action":"insert","lines":["6"]}],[{"start":{"row":2,"column":12},"end":{"row":2,"column":30},"action":"remove","lines":["302229188696604674"],"id":42,"ignore":true},{"start":{"row":2,"column":12},"end":{"row":2,"column":30},"action":"insert","lines":["285143171099525140"]},{"start":{"row":4,"column":11},"end":{"row":4,"column":12},"action":"remove","lines":["6"]},{"start":{"row":4,"column":11},"end":{"row":4,"column":12},"action":"insert","lines":["1"]}],[{"start":{"row":4,"column":11},"end":{"row":4,"column":12},"action":"remove","lines":["1"],"id":43,"ignore":true},{"start":{"row":4,"column":11},"end":{"row":4,"column":12},"action":"insert","lines":["2"]}],[{"start":{"row":2,"column":12},"end":{"row":2,"column":30},"action":"remove","lines":["285143171099525140"],"id":44,"ignore":true},{"start":{"row":2,"column":12},"end":{"row":2,"column":30},"action":"insert","lines":["302229188696604674"]},{"start":{"row":4,"column":11},"end":{"row":4,"column":12},"action":"remove","lines":["2"]},{"start":{"row":4,"column":11},"end":{"row":4,"column":12},"action":"insert","lines":["1"]}],[{"start":{"row":2,"column":12},"end":{"row":2,"column":30},"action":"remove","lines":["302229188696604674"],"id":45,"ignore":true},{"start":{"row":2,"column":12},"end":{"row":2,"column":30},"action":"insert","lines":["285143171099525140"]}],[{"start":{"row":5,"column":0},"end":{"row":10,"column":0},"action":"insert","lines":[" },"," {","  \"id\": 302229188696604700,","  \"server\": \"394657629110009867\",","  \"value\": 1",""],"id":46,"ignore":true}],[{"start":{"row":10,"column":0},"end":{"row":15,"column":0},"action":"insert","lines":[" },"," {","  \"id\": 285143171099525150,","  \"server\": \"394657629110009867\",","  \"value\": 1",""],"id":47,"ignore":true}],[{"start":{"row":0,"column":1},"end":{"row":10,"column":3},"action":"remove","lines":[""," {","  \"voter\": \"285143171099525140\",","  \"server\": \"394657629110009867\",","  \"value\": 1"," },"," {","  \"id\": 302229188696604700,","  \"server\": \"394657629110009867\",","  \"value\": 1"," },"],"id":48,"ignore":true}],[{"start":{"row":1,"column":1},"end":{"row":5,"column":2},"action":"remove","lines":["{","  \"id\": 285143171099525150,","  \"server\": \"394657629110009867\",","  \"value\": 1"," }"],"id":49,"ignore":true}],[{"start":{"row":1,"column":0},"end":{"row":1,"column":1},"action":"remove","lines":[" "],"id":50,"ignore":true}],[{"start":{"row":1,"column":0},"end":{"row":5,"column":2},"action":"insert","lines":[" {","  \"id\": 302229188696604700,","  \"server\": \"394657629110009867\",","  \"value\": 1"," }"],"id":51,"ignore":true}],[{"start":{"row":4,"column":11},"end":{"row":4,"column":12},"action":"remove","lines":["1"],"id":52,"ignore":true},{"start":{"row":4,"column":11},"end":{"row":4,"column":12},"action":"insert","lines":["2"]}],[{"start":{"row":4,"column":11},"end":{"row":4,"column":12},"action":"remove","lines":["2"],"id":53,"ignore":true},{"start":{"row":4,"column":11},"end":{"row":4,"column":12},"action":"insert","lines":["3"]}],[{"start":{"row":4,"column":11},"end":{"row":4,"column":12},"action":"remove","lines":["3"],"id":54,"ignore":true},{"start":{"row":4,"column":11},"end":{"row":4,"column":12},"action":"insert","lines":["4"]}],[{"start":{"row":4,"column":11},"end":{"row":4,"column":12},"action":"remove","lines":["4"],"id":55,"ignore":true},{"start":{"row":4,"column":11},"end":{"row":4,"column":12},"action":"insert","lines":["5"]}],[{"start":{"row":4,"column":11},"end":{"row":4,"column":12},"action":"remove","lines":["5"],"id":56,"ignore":true},{"start":{"row":4,"column":11},"end":{"row":4,"column":12},"action":"insert","lines":["6"]}],[{"start":{"row":4,"column":11},"end":{"row":4,"column":12},"action":"remove","lines":["6"],"id":57,"ignore":true},{"start":{"row":4,"column":11},"end":{"row":4,"column":12},"action":"insert","lines":["7"]}],[{"start":{"row":4,"column":11},"end":{"row":4,"column":12},"action":"remove","lines":["7"],"id":58,"ignore":true},{"start":{"row":4,"column":11},"end":{"row":4,"column":12},"action":"insert","lines":["8"]}],[{"start":{"row":4,"column":11},"end":{"row":4,"column":12},"action":"remove","lines":["8"],"id":59,"ignore":true},{"start":{"row":4,"column":11},"end":{"row":4,"column":12},"action":"insert","lines":["9"]}]]},"ace":{"folds":[],"scrolltop":0,"scrollleft":0,"selection":{"start":{"row":0,"column":0},"end":{"row":0,"column":0},"isBackwards":false},"options":{"guessTabSize":true,"useWrapMode":false,"wrapToView":true},"firstLineState":0},"timestamp":1514240720620,"hash":"89d43a89a48105420cde6f9232c9dd63aa9774ee"}