{"filter":false,"title":"VoterTimes.json","tooltip":"/Votes/VoterTimes.json","undoManager":{"mark":10,"position":10,"stack":[[{"start":{"row":11,"column":20},"end":{"row":11,"column":27},"action":"insert","lines":["6129388"],"id":1},{"start":{"row":11,"column":27},"end":{"row":11,"column":34},"action":"remove","lines":["9837443"]}],[{"start":{"row":11,"column":20},"end":{"row":11,"column":27},"action":"remove","lines":["6129388"],"id":2,"ignore":true},{"start":{"row":11,"column":20},"end":{"row":11,"column":27},"action":"insert","lines":["9837443"]}],[{"start":{"row":8,"column":2},"end":{"row":12,"column":2},"action":"remove","lines":[","," {","  \"id\": 302229188696604700,","  \"lastTime\": 1514329837443"," }"],"id":3},{"start":{"row":8,"column":2},"end":{"row":8,"column":3},"action":"insert","lines":["\\"]}],[{"start":{"row":8,"column":2},"end":{"row":8,"column":3},"action":"remove","lines":["\\"],"id":4}],[{"start":{"row":8,"column":0},"end":{"row":12,"column":0},"action":"insert","lines":[" },"," {","  \"id\": 302229188696604700,","  \"lastTime\": 1514394612411",""],"id":5,"ignore":true}],[{"start":{"row":8,"column":2},"end":{"row":12,"column":2},"action":"remove","lines":[","," {","  \"id\": 302229188696604700,","  \"lastTime\": 1514394612411"," }"],"id":6}],[{"start":{"row":8,"column":0},"end":{"row":9,"column":0},"action":"remove","lines":[" }",""],"id":7}],[{"start":{"row":7,"column":27},"end":{"row":8,"column":0},"action":"insert","lines":["",""],"id":8},{"start":{"row":8,"column":0},"end":{"row":8,"column":2},"action":"insert","lines":["  "]}],[{"start":{"row":8,"column":2},"end":{"row":8,"column":3},"action":"insert","lines":["}"],"id":9},{"start":{"row":8,"column":0},"end":{"row":8,"column":2},"action":"remove","lines":["  "]},{"start":{"row":8,"column":0},"end":{"row":8,"column":1},"action":"insert","lines":[" "]}],[{"start":{"row":8,"column":0},"end":{"row":12,"column":0},"action":"insert","lines":[" },"," {","  \"id\": 302229188696604700,","  \"lastTime\": 1514395116010",""],"id":10,"ignore":true}],[{"start":{"row":8,"column":2},"end":{"row":12,"column":2},"action":"remove","lines":[","," {","  \"id\": 302229188696604700,","  \"lastTime\": 1514395116010"," }"],"id":11}]]},"ace":{"folds":[],"scrolltop":0,"scrollleft":0,"selection":{"start":{"row":8,"column":2},"end":{"row":8,"column":2},"isBackwards":false},"options":{"guessTabSize":true,"useWrapMode":false,"wrapToView":true},"firstLineState":{"row":161,"mode":"ace/mode/json"}},"timestamp":1514395183215,"hash":"e8a91f025321c4c2e52c2c4a9e3fea61980724af"}