{"filter":false,"title":"review.json","tooltip":"/review.json","undoManager":{"mark":100,"position":100,"stack":[[{"start":{"row":2,"column":17},"end":{"row":2,"column":18},"action":"insert","lines":["i"],"id":17}],[{"start":{"row":2,"column":18},"end":{"row":2,"column":19},"action":"insert","lines":["n"],"id":18}],[{"start":{"row":2,"column":19},"end":{"row":2,"column":20},"action":"insert","lines":["k"],"id":19}],[{"start":{"row":2,"column":22},"end":{"row":2,"column":23},"action":"insert","lines":[" "],"id":20}],[{"start":{"row":2,"column":23},"end":{"row":2,"column":24},"action":"insert","lines":["d"],"id":21}],[{"start":{"row":2,"column":24},"end":{"row":2,"column":25},"action":"insert","lines":["i"],"id":22}],[{"start":{"row":2,"column":24},"end":{"row":2,"column":25},"action":"remove","lines":["i"],"id":23}],[{"start":{"row":2,"column":23},"end":{"row":2,"column":24},"action":"remove","lines":["d"],"id":24}],[{"start":{"row":2,"column":23},"end":{"row":2,"column":25},"action":"insert","lines":["\"\""],"id":25}],[{"start":{"row":2,"column":24},"end":{"row":2,"column":25},"action":"insert","lines":["s"],"id":26}],[{"start":{"row":2,"column":25},"end":{"row":2,"column":26},"action":"insert","lines":["o"],"id":27}],[{"start":{"row":2,"column":26},"end":{"row":2,"column":27},"action":"insert","lines":["m"],"id":28}],[{"start":{"row":2,"column":27},"end":{"row":2,"column":28},"action":"insert","lines":["e"],"id":29}],[{"start":{"row":2,"column":28},"end":{"row":2,"column":29},"action":"insert","lines":["l"],"id":30}],[{"start":{"row":2,"column":29},"end":{"row":2,"column":30},"action":"insert","lines":["i"],"id":31}],[{"start":{"row":2,"column":30},"end":{"row":2,"column":31},"action":"insert","lines":["n"],"id":32}],[{"start":{"row":2,"column":30},"end":{"row":2,"column":31},"action":"remove","lines":["n"],"id":33}],[{"start":{"row":2,"column":29},"end":{"row":2,"column":30},"action":"remove","lines":["i"],"id":34}],[{"start":{"row":2,"column":28},"end":{"row":2,"column":29},"action":"remove","lines":["l"],"id":35}],[{"start":{"row":2,"column":28},"end":{"row":2,"column":29},"action":"insert","lines":[" "],"id":36}],[{"start":{"row":2,"column":29},"end":{"row":2,"column":30},"action":"insert","lines":["l"],"id":37}],[{"start":{"row":2,"column":30},"end":{"row":2,"column":31},"action":"insert","lines":["i"],"id":38}],[{"start":{"row":2,"column":31},"end":{"row":2,"column":32},"action":"insert","lines":["n"],"id":39}],[{"start":{"row":2,"column":32},"end":{"row":2,"column":33},"action":"insert","lines":["k"],"id":40}],[{"start":{"row":2,"column":33},"end":{"row":2,"column":34},"action":"insert","lines":[" "],"id":41}],[{"start":{"row":2,"column":34},"end":{"row":2,"column":35},"action":"insert","lines":["h"],"id":42}],[{"start":{"row":2,"column":35},"end":{"row":2,"column":36},"action":"insert","lines":["e"],"id":43}],[{"start":{"row":2,"column":36},"end":{"row":2,"column":37},"action":"insert","lines":["r"],"id":44}],[{"start":{"row":2,"column":37},"end":{"row":2,"column":38},"action":"insert","lines":["e"],"id":45}],[{"start":{"row":2,"column":39},"end":{"row":2,"column":40},"action":"insert","lines":[","],"id":46}],[{"start":{"row":2,"column":40},"end":{"row":3,"column":0},"action":"insert","lines":["",""],"id":47},{"start":{"row":3,"column":0},"end":{"row":3,"column":8},"action":"insert","lines":["        "]}],[{"start":{"row":3,"column":8},"end":{"row":3,"column":10},"action":"insert","lines":["\"\""],"id":48}],[{"start":{"row":3,"column":9},"end":{"row":3,"column":10},"action":"insert","lines":["r"],"id":49}],[{"start":{"row":3,"column":10},"end":{"row":3,"column":11},"action":"insert","lines":["e"],"id":50}],[{"start":{"row":3,"column":11},"end":{"row":3,"column":12},"action":"insert","lines":["v"],"id":51}],[{"start":{"row":3,"column":12},"end":{"row":3,"column":13},"action":"insert","lines":["i"],"id":52}],[{"start":{"row":3,"column":13},"end":{"row":3,"column":14},"action":"insert","lines":["e"],"id":53}],[{"start":{"row":3,"column":14},"end":{"row":3,"column":15},"action":"insert","lines":["w"],"id":54}],[{"start":{"row":3,"column":15},"end":{"row":3,"column":16},"action":"insert","lines":["e"],"id":55}],[{"start":{"row":3,"column":16},"end":{"row":3,"column":17},"action":"insert","lines":["r"],"id":56}],[{"start":{"row":3,"column":18},"end":{"row":3,"column":19},"action":"insert","lines":[":"],"id":57}],[{"start":{"row":3,"column":19},"end":{"row":3,"column":20},"action":"insert","lines":[" "],"id":58}],[{"start":{"row":3,"column":20},"end":{"row":3,"column":22},"action":"insert","lines":["\"\""],"id":59}],[{"start":{"row":3,"column":21},"end":{"row":3,"column":22},"action":"insert","lines":["L"],"id":60}],[{"start":{"row":3,"column":22},"end":{"row":3,"column":23},"action":"insert","lines":["o"],"id":61}],[{"start":{"row":3,"column":23},"end":{"row":3,"column":24},"action":"insert","lines":["r"],"id":62}],[{"start":{"row":3,"column":24},"end":{"row":3,"column":25},"action":"insert","lines":["d"],"id":63}],[{"start":{"row":3,"column":25},"end":{"row":3,"column":26},"action":"insert","lines":[" "],"id":64}],[{"start":{"row":3,"column":26},"end":{"row":3,"column":27},"action":"insert","lines":["M"],"id":65}],[{"start":{"row":3,"column":27},"end":{"row":3,"column":28},"action":"insert","lines":["i"],"id":66}],[{"start":{"row":3,"column":28},"end":{"row":3,"column":29},"action":"insert","lines":["n"],"id":67}],[{"start":{"row":3,"column":29},"end":{"row":3,"column":30},"action":"insert","lines":["d"],"id":68}],[{"start":{"row":3,"column":31},"end":{"row":3,"column":32},"action":"insert","lines":[","],"id":69}],[{"start":{"row":3,"column":32},"end":{"row":4,"column":0},"action":"insert","lines":["",""],"id":70},{"start":{"row":4,"column":0},"end":{"row":4,"column":8},"action":"insert","lines":["        "]}],[{"start":{"row":4,"column":8},"end":{"row":4,"column":10},"action":"insert","lines":["\"\""],"id":71}],[{"start":{"row":4,"column":9},"end":{"row":4,"column":10},"action":"insert","lines":["s"],"id":72}],[{"start":{"row":4,"column":10},"end":{"row":4,"column":11},"action":"insert","lines":["e"],"id":73}],[{"start":{"row":4,"column":11},"end":{"row":4,"column":12},"action":"insert","lines":["r"],"id":74}],[{"start":{"row":4,"column":11},"end":{"row":4,"column":12},"action":"remove","lines":["r"],"id":75}],[{"start":{"row":4,"column":10},"end":{"row":4,"column":11},"action":"remove","lines":["e"],"id":76}],[{"start":{"row":4,"column":9},"end":{"row":4,"column":10},"action":"remove","lines":["s"],"id":77}],[{"start":{"row":4,"column":9},"end":{"row":4,"column":10},"action":"insert","lines":["o"],"id":78}],[{"start":{"row":4,"column":10},"end":{"row":4,"column":11},"action":"insert","lines":["w"],"id":79}],[{"start":{"row":4,"column":11},"end":{"row":4,"column":12},"action":"insert","lines":["n"],"id":80}],[{"start":{"row":4,"column":12},"end":{"row":4,"column":13},"action":"insert","lines":["e"],"id":81}],[{"start":{"row":4,"column":13},"end":{"row":4,"column":14},"action":"insert","lines":["r"],"id":82}],[{"start":{"row":4,"column":15},"end":{"row":4,"column":16},"action":"insert","lines":[":"],"id":83}],[{"start":{"row":4,"column":16},"end":{"row":4,"column":17},"action":"insert","lines":[" "],"id":84}],[{"start":{"row":4,"column":17},"end":{"row":4,"column":19},"action":"insert","lines":["\"\""],"id":85}],[{"start":{"row":4,"column":18},"end":{"row":4,"column":19},"action":"insert","lines":[" "],"id":86}],[{"start":{"row":4,"column":18},"end":{"row":4,"column":19},"action":"remove","lines":[" "],"id":87}],[{"start":{"row":4,"column":18},"end":{"row":4,"column":19},"action":"insert","lines":["S"],"id":88}],[{"start":{"row":4,"column":19},"end":{"row":4,"column":20},"action":"insert","lines":["o"],"id":89}],[{"start":{"row":4,"column":20},"end":{"row":4,"column":21},"action":"insert","lines":["m"],"id":90}],[{"start":{"row":4,"column":21},"end":{"row":4,"column":22},"action":"insert","lines":["e"],"id":91}],[{"start":{"row":4,"column":22},"end":{"row":4,"column":23},"action":"insert","lines":[" "],"id":92}],[{"start":{"row":4,"column":23},"end":{"row":4,"column":24},"action":"insert","lines":["o"],"id":93}],[{"start":{"row":4,"column":24},"end":{"row":4,"column":25},"action":"insert","lines":["w"],"id":94}],[{"start":{"row":4,"column":25},"end":{"row":4,"column":26},"action":"insert","lines":["n"],"id":95}],[{"start":{"row":4,"column":26},"end":{"row":4,"column":27},"action":"insert","lines":["e"],"id":96}],[{"start":{"row":4,"column":27},"end":{"row":4,"column":28},"action":"insert","lines":["r"],"id":97}],[{"start":{"row":4,"column":28},"end":{"row":4,"column":29},"action":"insert","lines":[" "],"id":98}],[{"start":{"row":4,"column":29},"end":{"row":4,"column":30},"action":"insert","lines":["h"],"id":99}],[{"start":{"row":4,"column":30},"end":{"row":4,"column":31},"action":"insert","lines":["e"],"id":100}],[{"start":{"row":4,"column":31},"end":{"row":4,"column":32},"action":"insert","lines":["r"],"id":101}],[{"start":{"row":4,"column":32},"end":{"row":4,"column":33},"action":"insert","lines":["e"],"id":102}],[{"start":{"row":4,"column":34},"end":{"row":4,"column":35},"action":"insert","lines":[","],"id":103}],[{"start":{"row":4,"column":35},"end":{"row":5,"column":0},"action":"insert","lines":["",""],"id":104},{"start":{"row":5,"column":0},"end":{"row":5,"column":8},"action":"insert","lines":["        "]}],[{"start":{"row":1,"column":5},"end":{"row":2,"column":0},"action":"insert","lines":["",""],"id":112},{"start":{"row":2,"column":0},"end":{"row":2,"column":8},"action":"insert","lines":["        "]}],[{"start":{"row":2,"column":8},"end":{"row":2,"column":10},"action":"insert","lines":["\"\""],"id":113}],[{"start":{"row":2,"column":9},"end":{"row":2,"column":10},"action":"insert","lines":["i"],"id":114}],[{"start":{"row":2,"column":10},"end":{"row":2,"column":11},"action":"insert","lines":["d"],"id":115}],[{"start":{"row":2,"column":12},"end":{"row":2,"column":13},"action":"insert","lines":[":"],"id":116}],[{"start":{"row":2,"column":13},"end":{"row":2,"column":14},"action":"insert","lines":[" "],"id":117}],[{"start":{"row":2,"column":14},"end":{"row":2,"column":16},"action":"insert","lines":["\"\""],"id":118}],[{"start":{"row":2,"column":14},"end":{"row":2,"column":16},"action":"remove","lines":["\"\""],"id":119}],[{"start":{"row":2,"column":14},"end":{"row":2,"column":15},"action":"insert","lines":["1"],"id":120}],[{"start":{"row":2,"column":15},"end":{"row":2,"column":16},"action":"insert","lines":["1"],"id":121}],[{"start":{"row":2,"column":15},"end":{"row":2,"column":16},"action":"remove","lines":["1"],"id":122}],[{"start":{"row":2,"column":15},"end":{"row":2,"column":16},"action":"insert","lines":[","],"id":123}],[{"start":{"row":0,"column":0},"end":{"row":8,"column":1},"action":"remove","lines":["[","    {","        \"id\": 1,","        \"banner-link\": \"some link here\",","        \"reviewer\": \"Lord Mind\",","        \"owner\": \"Some owner here\",","        ","    }","]"],"id":124}]]},"ace":{"folds":[],"scrolltop":0,"scrollleft":0,"selection":{"start":{"row":0,"column":0},"end":{"row":0,"column":0},"isBackwards":false},"options":{"guessTabSize":true,"useWrapMode":false,"wrapToView":true},"firstLineState":{"row":23,"mode":"ace/mode/json"}},"timestamp":1514343692233,"hash":"da39a3ee5e6b4b0d3255bfef95601890afd80709"}